INSERT INTO USUARIO(ID, NOME, EMAIL, SENHA) VALUES
('f39033cd-f993-5e4c-9f12-fd486ff8d6a0', 'Nora Austin', 'dosihoc@ic.az', 'IRLC3^LFStV$i[lc'), ('e2f6f883-9abc-5dca-9fc4-6efcc14a197a', 'Catherine Peters', 'reava@ewidihus.ee', 'GLWG22(jzrhYgGXL'), ('fd8d5e13-98ac-566e-8b7f-6c639e891a59', 'Alma Woods', 'co@pos.jp', '05AK(K$8CeM88FC('), ('f5f64ced-8b0c-5c42-bfa7-2a87b9fe0b70', 'Lena Bishop', 'talajfa@faftus.ml', '(lF4&UYhdFV4DD[v'), ('ad56cfa5-21fe-5c5e-a13c-cc7f90ae85e3', 'Ophelia Bowers', 'peluj@vokaz.gq', 'PvX1wqTG[#NNuC*x'), ('be6ee0d6-a9f9-5fd4-b2e2-5b58caf021b2', 'Annie Harris', 'bid@luv.am', 'AZ&WJ9]A]KO[G5Y]'), ('a7872da5-0e69-5dbc-bc18-91bdaaed9852', 'Josephine Carpenter', 'worlag@fasmoduge.md', 'sFD]7GrJ#jQzoy6s'), ('a07fed57-329e-5e6b-b843-8278c7e186b6', 'Mark Lambert', 'vuwraob@haje.cf', 'SyMlyY[kpKCydYoJ'), ('ce8137f1-264b-5d60-8501-b825c59a5046', 'Brandon Leonard', 'fimud@mepe.lk', 'vHNkB@v8KIRSxvq2'), ('7787d8e7-2240-540b-84dd-f31754bee529', 'Richard West', 'afcu@moziveb.uy', 'RDsCPVr)Y&6&&VDA'), ('91fcc8c2-f1ee-53df-93a3-63079e99ef70', 'Seth Gibbs', 'upaeb@dekbu.ms', 'wGxa^mznKYU1fjOv'), ('a7101fe8-6fe4-533c-b8b3-bc6c99f4bc0d', 'Catherine Gross', 'tuzlozen@jelo.ke', '4EKSIKJgVA[i$KW2'), ('9249e53e-8aa3-50eb-a5d6-0f9245ab8f03', 'Mark Rios', 'vo@mat.zw', '1$*ukB)kH])5Mo*#'), ('43d4ed59-e0e6-52f2-a0ed-feb6a3786bf1', 'Ann Adams', 'aggeha@vipegu.bo', 'ad1eY(S!KtEkt0Vd'), ('ec3581d3-f1ab-54e7-911d-d4f36c6d0b24', 'Franklin Higgins', 'sobosnu@hu.uz', '3Eymd*dQr](cLP0W'), ('acc4806f-04a2-558e-8809-8a290069572d', 'Jesse Stanley', 'caiwoav@li.ke', '6Q[xih&FA966@bjP'), ('3326cfd9-027f-57f7-8673-55fd5bc19a37', 'Caroline Guzman', 'mocobu@sukarhez.va', 'BbtDRmn[c^cS2gP6'), ('d46fe4c7-43f6-5644-98e4-bc9a27f0a86a', 'Della Ballard', 'bek@jik.ye', 'i[5!4%dCYaMc7%64'), ('d902456c-7caa-5284-8a7c-6bb0f72b9c01', 'Mason Aguilar', 'hebi@baade.tl', 'OwbmaFqr#&ib(Vmf'), ('99f19aa6-80af-55f3-a115-97a2fa15d4b8', 'Isabella Pena', 'toffowdi@fuvozpo.do', 'e%6Ldb6UqGSCK1wY'), ('f2131e15-227f-52ed-ac68-56325385c13f', 'Lizzie Phelps', 'kope@mutla.ac', '@tZSzpig0j983ysA'), ('cb4d3904-4344-56fa-b155-0c31182e623f', 'Sophie Williamson', 'imisurfi@haje.am', 'X[0LZ%)g7LOC^MNW'), ('b7c4fd78-b94b-5ca0-9f45-f1d37c24fafd', 'Alvin Hernandez', 'jiphiuj@gaatuguv.ch', 'ne4OLnIE#YO%3cJj'), ('3231c228-1c4e-5c88-98fa-a47c5a534ee4', 'Blanche Barton', 'dizsawez@du.sk', 'Na&lYGm&9yK3[Dn2'), ('cb6293db-4053-55dc-b2a8-e77f56c84cbb', 'Julia Lloyd', 'derriv@ke.com', '#q8F31k*YTLS&krA'), ('9eb449bb-00e9-5338-8aae-85d60380cd8d', 'Hettie Brown', 'izhittev@feudigo.mr', 'dg4x14JGrgKE$HAP'), ('edc8847c-616e-514f-8de5-6a0cb7782e81', 'Alice Roberson', 'ahogur@pupake.pf', 'cLy2*hQGRox@j&V6'), ('4b3aee53-1185-5d63-a904-0910a501a9e3', 'Carlos Singleton', 'jek@amimro.sr', '3Czi)ORazGnbpQ4B'), ('2638fe79-dd06-5429-8531-4ea8fe24896d', 'Dustin Roberson', 'jeddi@ve.ye', 'WuEI3aLS^(faQ20k'), ('fb449fb1-3e67-544e-a387-611d73846873', 'Lenora Williams', 'bupi@tatoil.pe', '[uKmW3gpn!5AOc6&'), ('e38ffe94-9de0-580d-a0c5-9c8a8c1e2420', 'Theodore Carter', 'vokaj@eleavwog.gg', 'pVsSmB3AccsqM6@e'), ('940eb8b7-73a8-5e2b-9d9b-7ca38ff4b96c', 'Maria Higgins', 'siwig@gir.ci', 'h)Db(hU1Cxm!wdqG'), ('80d25d3f-fb72-5be5-80d7-00dfeba7aeec', 'Birdie Bennett', 'kawde@co.vc', 'eYypwd9kiEY(h&ub'), ('8a6a7f39-f3cb-5bc7-b125-7b3b8233a8a7', 'Luke Patton', 'oca@zissujwub.tc', 'cc)(q7BhHpBKPvXd'), ('18eebb22-2e07-5e75-aa52-839b972d710e', 'Julia Burgess', 'fa@jim.ar', 'kroNe8Y]^*0lcmu('), ('32964320-4229-5f5c-ac94-1c69fcf08ee3', 'Philip Kim', 'hurpued@mov.eh', '*^2d&Hq]PoZatN1d'), ('1ead0f56-8be9-5ff8-a35d-f479f95d0229', 'Julia Ford', 'cauhge@ipwe.bo', 'G9c[3v5a*7xdvcL0'), ('260bc4c4-0b18-5905-9ddd-08775133612c', 'Leon Chambers', 'ozicef@ziejewu.us', 'OE$hhiAuq9N#SIxB'), ('353d3b24-f6cb-56dc-bda9-272b5d4c7d20', 'Miguel Henderson', 'sutnom@igwu.lu', 'TOm4bK]sY!BmDMC&'), ('16e35be6-24ba-5b83-8e23-c8ffa8bf0675', 'Polly Kelly', 'cicwutuc@wor.lb', 'zqQtbYZT!ICQzmsG'), ('57798f11-5a0b-5dc6-8e39-ed604e2f47c6', 'Brent Norris', 'uzlak@ni.ly', 'SVoHypvWPqHROabR'), ('0f2c7d23-acdf-58bf-a5a4-442388d5db24', 'Marvin Underwood', 'zeubmen@set.by', '(QA*!xOScN(Hv((Q'), ('90e7bb17-bec0-58f4-826c-fdb218788b86', 'Rose Hansen', 'mebunwe@dujme.vi', '7&5WEXQ!%BVN1Los'), ('c5214377-b8f2-517a-b255-cde727e89582', 'Delia Scott', 'tibe@on.mr', '^sXo!)1$bXHzT(hS'), ('785f25ca-3d5d-5c96-a1d3-7b63da2b7712', 'Bess Jennings', 'uweab@fun.kh', 'WDOF(1OcG!be*QZq'), ('4f02b8a7-ca84-545f-89e1-a57282710d96', 'Nelle Nichols', 'telivne@logij.af', 'pT3Y6KwT%$y0]yhG'), ('6b216d82-a297-5e9c-ad18-c1f270654606', 'Isabella Ward', 'zahot@nij.gb', 'Mlj@^nMKtIT85JjQ'), ('6c32da59-bc79-5f1d-919d-fb94d4d60eb2', 'Jean Warner', 'pi@hig.cv', 'ZJYOteA!@Ah1gPvV'), ('d307a95d-1c5f-5bf7-9c32-efcf4a1e132e', 'Willie Harper', 'rofa@ahbazme.ws', 'yQQWZ*HqSN7u)J[f'), ('ee930426-e0e4-5cae-9055-4f188dece51c', 'Alice James', 'zafkup@mosub.cu', 'S]gUHYQ%Hg!#zWck'), ('1e093162-ae88-52f3-aa7f-c9ef414f4ff8', 'Sophie Taylor', 'jukda@ufgi.af', 'BDl8(UmLGokCB#r^'), ('97265b34-873d-513f-962c-c8b42e7a1918', 'Adam Price', 'vicopar@wa.jo', '5wmiWO6tyue#COg1'), ('646f24a1-3829-50a6-a228-cb777f58bb32', 'Gregory Daniel', 'fav@gada.so', 'Ndlx!5BdGsY7Q6km'), ('12a24f2d-f373-5f14-9247-1b373b48801e', 'Marc French', 'taruw@pullehi.ba', '4BJgxE2[GwnNy&j!'), ('f72d5515-897c-5df4-b325-df962035286f', 'Luis Williamson', 'miva@lekoba.az', '$8cn#e((CAtQjO[g'), ('e0488616-165b-52bf-bc58-e7b3cfccb2e4', 'Brandon Ross', 'wokive@oci.gh', '#3ppks9!N5JEUtqx'), ('b4c9b4df-43e6-5ebf-b2c9-b116753cd620', 'Stanley Newton', 'wuvaju@guti.nc', '@3BYL&9xVoZwm&Nh'), ('6892c137-ff70-55c3-bbcb-e7bbae59bf69', 'Violet Brewer', 'di@we.bm', 'Kt(kx*4HcmC$f&z8'), ('14475942-3de1-5793-9adb-2273d832eda2', 'Craig Roberson', 'te@jakuv.ga', 'wuWSIZIDM&upV^W2'), ('637ccb91-2da7-5d79-8de6-9577d413b8c5', 'Ruth Rogers', 'vabvan@gedzuv.uy', 'p$RZMhehTv0%6(Kg'), ('56084a90-98fc-508c-ae12-793fb8902e12', 'Isaac Yates', 'seojeni@wiezubit.pw', 'QT!5)Tq#sJHCY&^*'), ('9e07da60-fbf8-58b5-84c4-acad245033d0', 'Sam Richardson', 'kicmoto@ihiper.tt', '(n[qR*Z3VS1w40^b'), ('b57e9272-cf63-52c4-993a-ad2d49dbfc18', 'Bernard Ball', 'si@meloca.zw', '45t*Iitim&y%ATta'), ('8db8dd98-6b26-5f6f-ba55-b5a76ab28e47', 'Jacob Gutierrez', 'tid@zokiaj.nf', 'Hx#atJKu1FR5eJTF'), ('abae10d8-df01-58e7-99ab-df0189fff18b', 'Jeanette Wilkerson', 'zu@gubsocon.bw', 'dhg7GioHascyMD16'), ('ce02cc1d-1b60-56da-a8a1-8b23104ac10b', 'Leila Wilkerson', 'lorhialu@rugircot.tg', 'W7TneAFAtE5n1&x2'), ('bb999f5a-d5b2-557e-a218-6cf853bff3a0', 'Clyde Ford', 'huvtu@veovra.si', 'EN%H4uU4txsvO&c^'), ('993b538b-bf76-5b78-bcb0-84f1a05a1df6', 'Jacob Schmidt', 'ikonelluj@wicaszi.ca', '2d^&HM*[fbLUeX4j'), ('20962d55-cc83-59a9-84b3-4e52300170e5', 'Nina Bishop', 'fecuar@piutu.py', '^@AQtJvKoIePeX1k'), ('3209e739-7e32-5e65-a292-52e4ccbdcd58', 'Christina Luna', 'hepcunpam@dedjunhi.ee', '#iofk3@Sg!r]FBeW'), ('6fa63f38-d5f6-5efb-8f35-141fadafc6f0', 'Ernest Harris', 'li@hu.st', '&jmtsDiru*TSI4Oi'), ('0988fba0-acf5-57ad-af3b-7abb9d516886', 'Evelyn Dixon', 'vescevmom@ija.sh', 'D@DT3JwVAjlF(Hll'), ('e33ff333-16d0-5fff-a925-8dfc215cab52', 'Cornelia Hubbard', 'ubifu@padvimak.sr', 'F]DW1]s79pfQs^wT'), ('5fdb3f6a-6c07-5db0-88cb-847cfbab7d7f', 'Troy Young', 'atwiehe@utse.pl', 'xu6#FxkauWB9krhJ'), ('fdf39a66-17a8-527e-a400-1296b82ec308', 'Olive Lucas', 'vifad@ripcelvih.ad', 'iK#GMGon%iha7gGi'), ('a98bb836-0da5-565f-9a84-b222f1d1cc58', 'David Boone', 'resad@fomfevji.my', 'jUB[Znj(zbh07l$^'), ('be658726-0df2-54f9-a855-3e9bc7dc673b', 'Ivan Owen', 'aj@mop.ls', 'V3jmG5pyOsr6bCR0'), ('3ce54d4e-51a0-5350-b442-77bcc2b374f3', 'Bertha Figueroa', 'ved@vup.kn', 'b2Ez$&MmEm$A56ln'), ('cc94049c-59ae-5e60-9c7a-0197c0863863', 'Melvin Cortez', 'mi@zeidsi.mu', 'FkjV8]t]Obvxbxw9'), ('c29c554e-4ea7-5efe-bc43-7537d4a8937b', 'Lloyd Walker', 'lacup@agket.ch', '%zSKEFX]NuifILjC'), ('27123255-a600-597c-ba2c-a3d181f41f16', 'Katharine Bush', 'bauwbid@gessivro.bh', 'sU389dsd7l2G58X)'), ('731f93a8-1c40-55d7-91c7-12a9a0919318', 'Sadie Gray', 'sikaruz@fib.gn', 'phx&itj@kO7d4Z1s'), ('8710b12b-2f37-52b9-8e2b-0f9ebad71f00', 'Alan Young', 'ezhuw@osjur.sb', '%TOvx8]lyE8QSuV@'), ('ac5edf9e-b3b5-512d-9b68-8d19f88cb381', 'Alma Lambert', 'nikim@bohe.mt', 'J2ChIssR[4^CNKLC'), ('605e19ce-2538-518d-b975-47867cec8245', 'Cecilia Hampton', 'acanoob@tenkom.mk', 'wZivj4OEoO]uHTlw'), ('d599ca4a-286d-56f0-9851-33c4eafb5c2f', 'Lydia Wilkins', 'votakal@bel.ai', 'X)3kUFRmy6btBhK6'), ('cf4d71eb-e997-5ad7-8eb2-e8b9235317f2', 'Grace Holloway', 'vop@rugsibu.bv', 'O#qyP2]WBtWf0l[a'), ('53feffe9-62e6-595d-bdad-dbdba47ab5f3', 'Steve McKinney', 'kewovazu@tap.ps', 'rwY9v)jxYpg9$1dp'), ('bb5d1d8e-1374-597a-b7c1-0e9e07bf75b6', 'Cecilia Rice', 'gofsumwim@po.bh', 'k3!%E^3KA&Dt@sXA'), ('28e01f98-7bcc-53fb-ace2-cbe601498d11', 'Aaron Snyder', 'mic@konvo.td', 'b3eG%0zRTA2r3WD*'), ('ed9d04c9-9690-5f75-a3bd-9449722220fd', 'Ethel Sparks', 'vizpedem@ore.my', 'UCjS8Zw!p*aepgYI'), ('c22599ab-16bf-5f90-8a8d-540eb992a374', 'Cory Mendoza', 'lufazol@tol.et', 'MfpP1L2aaHAX7H@4'), ('1832c0cd-f40f-5562-a2f3-f20328bf2b34', 'Chase Allison', 'tujsu@koptof.gg', '211Z1UzPJ6PnW]bT'), ('4fcaff61-9742-53f5-bf08-9b00304d33ef', 'Eugenia Richardson', 'rigtowim@koigiemo.eu', '3*UxCrMa[T7%Zdh$'), ('43eb3f3e-a82b-56e7-8a5b-dad569841098', 'Luis Cain', 'uvu@wojejita.ir', 'ESnWU@NOGn&vKgN7'), ('a55e8a42-7716-5378-8198-bfe861e543a3', 'Nancy Lawson', 'jojva@najge.cw', 'd5IIU$#bq(MsG$vT'), ('54d94d78-04d3-5ad6-81a9-fb88dcec2396', 'Luke Malone', 'zigcoppa@ilu.tf', 'XzL3b!VjgoDYA6W@'), ('7eeb38af-08cb-5858-9578-1e2e3737d019', 'Isabel Cain', 'ecaepiha@eki.vc', 'xTr%kTo@CMivMtfd'), ('2e8c50d0-6f59-505e-8ad5-92286936c38a', 'Jason Wise', 'we@ufda.qa', 'ZLatFSRGhmk([g5('), ('35fe73f2-ca18-5ee8-8131-9e34e5d80960', 'Mable Gibbs', 'ral@huwev.ng', 'J1nqNGjb(4vh4YO8');

INSERT INTO CURSO(ID, NOME, DESCRICAO) VALUES
('baf92805-10e8-5d98-ac55-ea863d2fcce2', 'Claims Manager', 'Iwaala buiveoje dounji koddun emuug epawir nonro ca duvunbot zubov ivbej coje zu edowa obfap zubin afsob lebe. Uzi bow lujzi viji ri ticajka ha azuhade ji ro vegaja mak ilju uzwi rugik.'), ('e756d8f6-2b23-5d4c-8f1a-15965b3d79d0', 'Political Scientist', 'Pin bakocla siittas betap luzni ivaug isetef ci bidsooka biw leaga adusoj. Ubo heritohah owho vice jabgikfe siajeeke buvhof segbu liwe ul gagnaf fe ijiki udo nuv nuzi.'), ('3da00a93-751e-5486-8e42-494fc2f34442', 'Strategic Alliance Director', 'Pinehgam ibulutmup ila nepufac hoc neh repebseg iwoneni liwupelo puotu livceg wuih. Ko temmurzas cezev dedtuno kun ta rulu injeji vadjeg biohdu haj bek alozi du.'), ('1ef29ef2-c440-5075-b0d1-8205e268bc7d', 'Petroleum Engineer', 'Jera ewoude te kus ibisuvjog mar initegbif kuapo mafjupaz ewjad ijme havov rezoko gussomnid zo hafco vasep josnegar. Viprapih rozsoiz ine tucrettok ho wul ne hikekni huci pi maduwaf ibo.');

INSERT INTO ALUNO(ID, USUARIO_FK, CURSO_FK) VALUES
('05f8827c-cbc2-5ea1-a092-7ee6c585f538', 'f39033cd-f993-5e4c-9f12-fd486ff8d6a0', '3da00a93-751e-5486-8e42-494fc2f34442'), ('aac63d0c-ec6d-5719-b29e-cd152df7c6ad', 'e2f6f883-9abc-5dca-9fc4-6efcc14a197a', 'e756d8f6-2b23-5d4c-8f1a-15965b3d79d0'), ('fc09b285-bbba-563b-8a37-2ad822a6816b', 'fd8d5e13-98ac-566e-8b7f-6c639e891a59', '1ef29ef2-c440-5075-b0d1-8205e268bc7d'), ('61aadd2f-8dca-5dd3-ad46-7542d2d1034d', 'f5f64ced-8b0c-5c42-bfa7-2a87b9fe0b70', 'baf92805-10e8-5d98-ac55-ea863d2fcce2'), ('c7c7a700-f60f-5a83-9cf7-17b02ddb8e4a', 'ad56cfa5-21fe-5c5e-a13c-cc7f90ae85e3', 'baf92805-10e8-5d98-ac55-ea863d2fcce2'), ('c47c9c86-5f56-5f0b-a55d-54044c38f292', 'be6ee0d6-a9f9-5fd4-b2e2-5b58caf021b2', 'e756d8f6-2b23-5d4c-8f1a-15965b3d79d0'), ('7084d6a6-7cf8-5d29-9b83-2bc33c7de2c9', 'a7872da5-0e69-5dbc-bc18-91bdaaed9852', 'e756d8f6-2b23-5d4c-8f1a-15965b3d79d0'), ('9d3f121c-c5db-5cfb-9e6a-74d7220a8453', 'a07fed57-329e-5e6b-b843-8278c7e186b6', '3da00a93-751e-5486-8e42-494fc2f34442'), ('9fb5547a-abdb-5323-8cef-80b70939ed44', 'ce8137f1-264b-5d60-8501-b825c59a5046', '3da00a93-751e-5486-8e42-494fc2f34442'), ('83145efb-c702-54c1-9472-bda1b1748fbc', '7787d8e7-2240-540b-84dd-f31754bee529', 'e756d8f6-2b23-5d4c-8f1a-15965b3d79d0'), ('6b198cc5-25fb-5df3-8229-5dfa5b7cde4d', '91fcc8c2-f1ee-53df-93a3-63079e99ef70', '3da00a93-751e-5486-8e42-494fc2f34442'), ('a6cf3096-6c06-5929-9abb-f4f3bd2ef6b4', 'a7101fe8-6fe4-533c-b8b3-bc6c99f4bc0d', '3da00a93-751e-5486-8e42-494fc2f34442'), ('e9a4df5a-e9a4-59d1-a7c3-bb6b0ff94b28', '9249e53e-8aa3-50eb-a5d6-0f9245ab8f03', '3da00a93-751e-5486-8e42-494fc2f34442'), ('54a04f9d-28bd-59be-99dd-d05c991edab9', '43d4ed59-e0e6-52f2-a0ed-feb6a3786bf1', 'e756d8f6-2b23-5d4c-8f1a-15965b3d79d0'), ('b68b0177-f505-5743-a952-ba53df53d0bd', 'ec3581d3-f1ab-54e7-911d-d4f36c6d0b24', '1ef29ef2-c440-5075-b0d1-8205e268bc7d'), ('b314dd8d-ac68-584c-887d-84a3c2d6a06a', 'acc4806f-04a2-558e-8809-8a290069572d', 'e756d8f6-2b23-5d4c-8f1a-15965b3d79d0'), ('ec3df08e-6726-51a6-869b-54ee69f69d0d', '3326cfd9-027f-57f7-8673-55fd5bc19a37', 'e756d8f6-2b23-5d4c-8f1a-15965b3d79d0'), ('c1117879-1f44-5876-b62e-24b07e59fe32', 'd46fe4c7-43f6-5644-98e4-bc9a27f0a86a', 'baf92805-10e8-5d98-ac55-ea863d2fcce2'), ('66d33019-8e16-5bb4-9176-396a17f8456b', 'd902456c-7caa-5284-8a7c-6bb0f72b9c01', 'baf92805-10e8-5d98-ac55-ea863d2fcce2'), ('85466966-c049-539d-93d9-c739ea31990d', '99f19aa6-80af-55f3-a115-97a2fa15d4b8', '3da00a93-751e-5486-8e42-494fc2f34442'), ('c4a67c4e-a129-5add-88ac-92c6e0a29d87', 'f2131e15-227f-52ed-ac68-56325385c13f', '3da00a93-751e-5486-8e42-494fc2f34442'), ('69317eb0-b1a3-5a8c-8831-671532bcf090', 'cb4d3904-4344-56fa-b155-0c31182e623f', 'e756d8f6-2b23-5d4c-8f1a-15965b3d79d0'), ('7b851689-85cb-5452-8bae-93eda1c351a4', 'b7c4fd78-b94b-5ca0-9f45-f1d37c24fafd', 'baf92805-10e8-5d98-ac55-ea863d2fcce2'), ('737287e8-6419-5134-ba83-0b702d7949b3', '3231c228-1c4e-5c88-98fa-a47c5a534ee4', '1ef29ef2-c440-5075-b0d1-8205e268bc7d'), ('38eb481a-828e-5283-ad50-ad6fe75af029', 'cb6293db-4053-55dc-b2a8-e77f56c84cbb', 'e756d8f6-2b23-5d4c-8f1a-15965b3d79d0'), ('5218ea7d-385f-56ae-829c-9ae6fefab97f', '9eb449bb-00e9-5338-8aae-85d60380cd8d', 'baf92805-10e8-5d98-ac55-ea863d2fcce2'), ('b03e4c7d-a4bc-5c33-aab6-d60db4119ed6', 'edc8847c-616e-514f-8de5-6a0cb7782e81', 'baf92805-10e8-5d98-ac55-ea863d2fcce2'), ('ddacf917-056b-52a3-990b-aa5cffa76c4f', '4b3aee53-1185-5d63-a904-0910a501a9e3', '1ef29ef2-c440-5075-b0d1-8205e268bc7d'), ('6cce8c22-3a8a-5f48-8d16-d62e1d080646', '2638fe79-dd06-5429-8531-4ea8fe24896d', 'baf92805-10e8-5d98-ac55-ea863d2fcce2'), ('ba904624-85f6-5dd8-ac54-adbe22ee5c33', 'fb449fb1-3e67-544e-a387-611d73846873', 'baf92805-10e8-5d98-ac55-ea863d2fcce2'), ('85ff0dbf-9616-5795-897b-e6793945657c', 'e38ffe94-9de0-580d-a0c5-9c8a8c1e2420', 'baf92805-10e8-5d98-ac55-ea863d2fcce2'), ('fd436df9-9776-58a6-bb1e-a0e258a19522', '940eb8b7-73a8-5e2b-9d9b-7ca38ff4b96c', 'baf92805-10e8-5d98-ac55-ea863d2fcce2'), ('5271fa08-c63c-5fe6-acf2-2edf4219d034', '80d25d3f-fb72-5be5-80d7-00dfeba7aeec', 'baf92805-10e8-5d98-ac55-ea863d2fcce2'), ('d17e8311-f9ed-5998-abcf-59bf7b09ce7b', '8a6a7f39-f3cb-5bc7-b125-7b3b8233a8a7', 'baf92805-10e8-5d98-ac55-ea863d2fcce2'), ('f985a42d-f62a-5e86-b391-408e0f36cc10', '18eebb22-2e07-5e75-aa52-839b972d710e', 'baf92805-10e8-5d98-ac55-ea863d2fcce2'), ('810fd3b3-e7a9-583d-9f9a-dd81d00e157a', '32964320-4229-5f5c-ac94-1c69fcf08ee3', 'e756d8f6-2b23-5d4c-8f1a-15965b3d79d0'), ('db605dea-c866-5e3d-bb9b-a675295f4999', '1ead0f56-8be9-5ff8-a35d-f479f95d0229', '1ef29ef2-c440-5075-b0d1-8205e268bc7d'), ('58b4726b-2f9b-530b-b7cb-ecde67266fc2', '260bc4c4-0b18-5905-9ddd-08775133612c', 'e756d8f6-2b23-5d4c-8f1a-15965b3d79d0'), ('152965a4-10ec-579e-bc7e-232213d96ecc', '353d3b24-f6cb-56dc-bda9-272b5d4c7d20', 'e756d8f6-2b23-5d4c-8f1a-15965b3d79d0'), ('37f26f48-80b7-5d88-88e7-25fb08679a42', '16e35be6-24ba-5b83-8e23-c8ffa8bf0675', '3da00a93-751e-5486-8e42-494fc2f34442'), ('ad9e3c26-91fb-545b-8559-b59f8758df87', '57798f11-5a0b-5dc6-8e39-ed604e2f47c6', 'e756d8f6-2b23-5d4c-8f1a-15965b3d79d0'), ('f50a787e-39de-573c-8399-0130202e994a', '0f2c7d23-acdf-58bf-a5a4-442388d5db24', '3da00a93-751e-5486-8e42-494fc2f34442'), ('555a6d6e-5e46-538b-b208-ccbc0267ef15', '90e7bb17-bec0-58f4-826c-fdb218788b86', 'baf92805-10e8-5d98-ac55-ea863d2fcce2'), ('0010540c-20cb-506e-9c8c-6a074c93cc8c', 'c5214377-b8f2-517a-b255-cde727e89582', 'e756d8f6-2b23-5d4c-8f1a-15965b3d79d0'), ('71cecc6b-c15d-50e4-a149-701ee0029c6d', '785f25ca-3d5d-5c96-a1d3-7b63da2b7712', '1ef29ef2-c440-5075-b0d1-8205e268bc7d'), ('1e29e871-cba3-5b6d-8ba7-77f82ee2f5e2', '4f02b8a7-ca84-545f-89e1-a57282710d96', 'baf92805-10e8-5d98-ac55-ea863d2fcce2'), ('6ea0d651-c338-51fc-b98c-f7c244119bc9', '6b216d82-a297-5e9c-ad18-c1f270654606', 'e756d8f6-2b23-5d4c-8f1a-15965b3d79d0'), ('d9a74af2-4305-5f21-a11f-1e7ef928579d', '6c32da59-bc79-5f1d-919d-fb94d4d60eb2', 'e756d8f6-2b23-5d4c-8f1a-15965b3d79d0'), ('cb6e1692-4954-5ef4-9dc3-04794d1349bc', 'd307a95d-1c5f-5bf7-9c32-efcf4a1e132e', 'e756d8f6-2b23-5d4c-8f1a-15965b3d79d0'), ('f1d297ed-3171-5b82-a40f-34c40473cb65', 'ee930426-e0e4-5cae-9055-4f188dece51c', '1ef29ef2-c440-5075-b0d1-8205e268bc7d'), ('3833c0e1-9903-5e0a-93c6-f726d2f1d3b9', '1e093162-ae88-52f3-aa7f-c9ef414f4ff8', 'e756d8f6-2b23-5d4c-8f1a-15965b3d79d0'), ('e85a95ed-b14f-51be-be1f-6a67a5a9c7b4', '97265b34-873d-513f-962c-c8b42e7a1918', '1ef29ef2-c440-5075-b0d1-8205e268bc7d'), ('4172ba82-46cd-5458-9c8f-6a6eb912ac6c', '646f24a1-3829-50a6-a228-cb777f58bb32', 'e756d8f6-2b23-5d4c-8f1a-15965b3d79d0'), ('4aea4267-b8d2-5ba7-ba8e-8ab451a2cbaa', '12a24f2d-f373-5f14-9247-1b373b48801e', 'e756d8f6-2b23-5d4c-8f1a-15965b3d79d0'), ('1805a292-8124-5854-ae3f-5da51b6a028b', 'f72d5515-897c-5df4-b325-df962035286f', 'e756d8f6-2b23-5d4c-8f1a-15965b3d79d0'), ('f6ac1f5f-9f43-55c4-b598-ffc1110e40f4', 'e0488616-165b-52bf-bc58-e7b3cfccb2e4', '3da00a93-751e-5486-8e42-494fc2f34442'), ('2fbd687b-24a6-5a8c-a520-ec6c29f3bdac', 'b4c9b4df-43e6-5ebf-b2c9-b116753cd620', 'e756d8f6-2b23-5d4c-8f1a-15965b3d79d0'), ('0b24185c-c456-5302-9f15-f4f352d99eb7', '6892c137-ff70-55c3-bbcb-e7bbae59bf69', '1ef29ef2-c440-5075-b0d1-8205e268bc7d'), ('dd7598a8-5c74-5d31-8a49-f073d55f5eea', '14475942-3de1-5793-9adb-2273d832eda2', 'baf92805-10e8-5d98-ac55-ea863d2fcce2'), ('0eb61a10-15c2-5715-8f60-b0b4b1d47499', '637ccb91-2da7-5d79-8de6-9577d413b8c5', 'baf92805-10e8-5d98-ac55-ea863d2fcce2'), ('71d94e78-3f46-538e-a185-df96a2de9f9e', '56084a90-98fc-508c-ae12-793fb8902e12', '3da00a93-751e-5486-8e42-494fc2f34442'), ('fc6d3f03-998b-543b-98b6-7ec6777fde83', '9e07da60-fbf8-58b5-84c4-acad245033d0', 'baf92805-10e8-5d98-ac55-ea863d2fcce2'), ('11eac6ba-9ef7-5050-8c4c-7462c91ef67d', 'b57e9272-cf63-52c4-993a-ad2d49dbfc18', 'e756d8f6-2b23-5d4c-8f1a-15965b3d79d0'), ('cf7d0cab-a6bd-5c2e-9642-f850b95eea73', '8db8dd98-6b26-5f6f-ba55-b5a76ab28e47', 'e756d8f6-2b23-5d4c-8f1a-15965b3d79d0'), ('33b3f707-9ce3-5429-ac26-e1c83ddd8ce3', 'abae10d8-df01-58e7-99ab-df0189fff18b', 'baf92805-10e8-5d98-ac55-ea863d2fcce2'), ('8b3444ce-c64e-5164-8649-215a01587a30', 'ce02cc1d-1b60-56da-a8a1-8b23104ac10b', 'baf92805-10e8-5d98-ac55-ea863d2fcce2'), ('052307e7-b96b-5dfa-a2b4-5a50abf76117', 'bb999f5a-d5b2-557e-a218-6cf853bff3a0', '3da00a93-751e-5486-8e42-494fc2f34442'), ('9f783213-a50d-5bf1-ba98-746c1e882311', '993b538b-bf76-5b78-bcb0-84f1a05a1df6', '3da00a93-751e-5486-8e42-494fc2f34442'), ('3be743d1-5944-556d-acb8-f90c9dd11399', '20962d55-cc83-59a9-84b3-4e52300170e5', '1ef29ef2-c440-5075-b0d1-8205e268bc7d'), ('8cad24eb-3f25-5050-83c7-07a63793f63a', '3209e739-7e32-5e65-a292-52e4ccbdcd58', '1ef29ef2-c440-5075-b0d1-8205e268bc7d'), ('351b2876-b274-5c0e-a683-e38ec1722d74', '6fa63f38-d5f6-5efb-8f35-141fadafc6f0', '1ef29ef2-c440-5075-b0d1-8205e268bc7d'), ('44e3152c-c3c6-5444-bfa6-33ab958c010c', '0988fba0-acf5-57ad-af3b-7abb9d516886', 'baf92805-10e8-5d98-ac55-ea863d2fcce2'), ('4b130623-2c8f-5a25-8e34-179127cc6eab', 'e33ff333-16d0-5fff-a925-8dfc215cab52', '1ef29ef2-c440-5075-b0d1-8205e268bc7d'), ('3c5f905a-3dce-5c59-8693-4f4cfc333287', '5fdb3f6a-6c07-5db0-88cb-847cfbab7d7f', 'e756d8f6-2b23-5d4c-8f1a-15965b3d79d0'), ('d6a73d36-5bfa-5ef0-a0ac-b7db65fbdd23', 'fdf39a66-17a8-527e-a400-1296b82ec308', '1ef29ef2-c440-5075-b0d1-8205e268bc7d'), ('ef26b241-a46f-54a7-a57c-ab33edfefea7', 'a98bb836-0da5-565f-9a84-b222f1d1cc58', 'baf92805-10e8-5d98-ac55-ea863d2fcce2'), ('9790a398-642f-5511-a26e-50363929cd07', 'be658726-0df2-54f9-a855-3e9bc7dc673b', '3da00a93-751e-5486-8e42-494fc2f34442'), ('56956f3a-e4db-51b5-983a-da72d2f48d51', '3ce54d4e-51a0-5350-b442-77bcc2b374f3', '3da00a93-751e-5486-8e42-494fc2f34442'), ('4ca67df3-511f-5864-b5f4-445f3efd1894', 'cc94049c-59ae-5e60-9c7a-0197c0863863', '3da00a93-751e-5486-8e42-494fc2f34442'), ('70d0b3ec-f074-5574-af7f-affcc4d20716', 'c29c554e-4ea7-5efe-bc43-7537d4a8937b', 'e756d8f6-2b23-5d4c-8f1a-15965b3d79d0'), ('428d70f0-a30c-5f3f-99f1-59816d640638', '27123255-a600-597c-ba2c-a3d181f41f16', '3da00a93-751e-5486-8e42-494fc2f34442'), ('c1ae856c-3730-52fc-a563-cb2229bdfc11', '731f93a8-1c40-55d7-91c7-12a9a0919318', 'e756d8f6-2b23-5d4c-8f1a-15965b3d79d0'), ('0229a5c9-1fb8-598a-b09b-e36fc30a9a15', '8710b12b-2f37-52b9-8e2b-0f9ebad71f00', 'e756d8f6-2b23-5d4c-8f1a-15965b3d79d0'), ('4dc19753-c539-54ff-8677-137983eb9448', 'ac5edf9e-b3b5-512d-9b68-8d19f88cb381', '1ef29ef2-c440-5075-b0d1-8205e268bc7d');

INSERT INTO PROFESSOR(ID, USUARIO_FK) VALUES
('4c6abc52-fe94-5962-8e12-e51247454123', '605e19ce-2538-518d-b975-47867cec8245'), ('48483bf9-4c5a-5a0e-abf6-d69554e73f96', 'd599ca4a-286d-56f0-9851-33c4eafb5c2f'), ('91997639-9b49-5f83-8394-365db9f8dee1', 'cf4d71eb-e997-5ad7-8eb2-e8b9235317f2'), ('b89ca33d-54c5-5942-8fed-9df9f497184c', '53feffe9-62e6-595d-bdad-dbdba47ab5f3'), ('32f1de4d-8b55-5835-8151-e9528a696639', 'bb5d1d8e-1374-597a-b7c1-0e9e07bf75b6'), ('b5ea3930-1715-539d-a5c8-cc641b9d0a7a', '28e01f98-7bcc-53fb-ace2-cbe601498d11'), ('d94ffafa-2f46-50b5-972d-eae5eb98c36c', 'ed9d04c9-9690-5f75-a3bd-9449722220fd'), ('6872fa87-9d89-5f89-8e55-e338edcb39bd', 'c22599ab-16bf-5f90-8a8d-540eb992a374'), ('feb21d55-ab15-5b59-b2a0-fd7cc501c078', '1832c0cd-f40f-5562-a2f3-f20328bf2b34'), ('26c1a36b-e449-55ce-b86a-82711c84cc45', '4fcaff61-9742-53f5-bf08-9b00304d33ef'), ('bec160ee-9277-54ff-af66-2eef700caf8b', '43eb3f3e-a82b-56e7-8a5b-dad569841098'), ('5fcb44b8-a933-5d58-bdf4-178ec1212276', 'a55e8a42-7716-5378-8198-bfe861e543a3'), ('eb410eab-9e40-5fc8-9b4a-875716509cb6', '54d94d78-04d3-5ad6-81a9-fb88dcec2396'), ('a16bed92-1847-50cb-8c03-e81000fbef82', '7eeb38af-08cb-5858-9578-1e2e3737d019'), ('09eeac30-2be6-52db-8ced-b6f14eda7fef', '2e8c50d0-6f59-505e-8ad5-92286936c38a'), ('07f70398-ec06-5699-ae62-25a1dfdec1e9', '35fe73f2-ca18-5ee8-8131-9e34e5d80960');

INSERT INTO DISCIPLINA(ID, NOME, DESCRICAO) VALUES
('ca6fbe4b-62cf-52bb-a506-c183c86efbf7', 'Fraud Unified', 'Wasnepa udwamma uno mu age wa borog bebkunuw cufrihe leloru funoc kiwowi ziabo hu pigip lacewjut. Uvu naejtu caj figarmu eb sidon rupekeban cecvimup wabacpo gokiba lola sa azramoj isawku tuhbavo retider.'), ('22ffaece-8f70-5f0e-8390-ba479c5b0406', 'Law Fisher', 'Ziw ge cem ropu novga gah lu egjilzum ludrer ohuofo mi oznosa tawwa vecjah bewa tohu fidowerin. Barci ibupin obse kidje sapviv camu gatjizogu votomaj ce jokko rulavizec mokdaeda guika godeghem zuzej rincuih agmokdo.'), ('1fc63141-c180-58b8-b853-05cb19f3522a', 'Franchise Simon', 'Zifbap dab lulda gal kid tug dijobofok cemjetba monne zun eja duscinsoz jo joodu. Wefuk rop lajipwih wowa zuftu mah opooc ejacealo iw ewsolhow tit kavuupu.'), ('8d30f44b-f7b3-5288-a8c1-bf2b810ecdb9', 'Food Constellation', 'Dihi ha hegejdic jampalil gasatwu mamsiola tug neelo elu gekzesumo cokilpim poci zemrohtuk ime inukonve vawud le uglugeb. Azu mi ud riaw jihuluba becbol od adicin jemnop duzagfo se aj polan enivaju.'), ('5dd56b81-2c0d-544b-8f4e-9496a8f5337b', 'Physicist Allergan,', 'Nenhi backi imigu zite odudu fudcera ukoropo capon davahtek ticavo picuj cabcu powu piri. Jori pudwapa bi elu tuted baisufa takvewkem buweg gak laveper laji os hire tortofci og.'), ('8a82dc8d-e36a-568e-b7d7-a9aeac853045', 'Rehabilitation Corning', 'Dewtisaci foh bol enewolur cub apa cectitin ebo ubu losuzre ce figugce emufa sab fokufep wez ke. Duwig izafilho acenisoh ficelor samialu kepzum eccu zobupoc idjascuc umamalir pozukbol joaje nuween husur upluvvu amufu pobdujtuv nove.'), ('493ee958-8879-5561-8204-fcd4e2cdb74b', 'Career Starwood', 'Satdokbap zunkeabu ladcopi es iho up ac zegpuwuh kasuke lagpov itowarej tes welora nomti. Ewcoh tulpapu iki me bakit ruwtic def zuf telnu edege wa vem nawu tod kigdevdom ful.'), ('73a2d948-29be-574b-a0c8-4edd37b6201e', 'Sales Great', 'Dov erkiz ahlorcul pipuw to so sa tol nugtapeb fih rovum laispe. Epaga rascedura adbuv walavuj vihvouva tuk fuvohpe iseehvog fudcabbu kuecame sewisok odoebmo gotadehi hig dosohiwe.');

INSERT INTO TURMA(ID, NOME, DESCRICAO, DISCIPLINA_FK) VALUES
('a8172343-463a-5d66-9ecb-27b771d4bd13', '465 - Food Constellation', 'Mosohemi kog beipo hir goh her welu zuw ujoca nil buvucmug rukze. Fokva burcu homputed zib fuvse hogurvip lofhuv juhkolba wobifli gawedne sintew vujeko da wuk cuwuj.', '8d30f44b-f7b3-5288-a8c1-bf2b810ecdb9'), ('57edd535-2f77-5549-b874-77b95576b60d', '294 - Rehabilitation Corning', 'Relcah ebnosfi punmas zabik bi kedu umacju na obiwoseg egomuc jazoze pu. Lu nefec wijhurew otjugwom saf me ra kurra dudated gu wavaz ek kerrih agikije wola ti.', '8a82dc8d-e36a-568e-b7d7-a9aeac853045'), ('105dbb56-5e7f-543f-b2b3-dfe8f1d51c3c', '700 - Fraud Unified', 'Gesimebo tuj puuvajo ale omhuwu siwugga ewepal lighavcaz tukub lep isogokeb etohofam zujuto kavagvig eravehuh. Pivopuzu gun agcazkav li humosuf cozim uwuzer oluna ajveludu ba di riwi bu pihizula hu pagusop.', 'ca6fbe4b-62cf-52bb-a506-c183c86efbf7'), ('debd893f-6258-5c41-b5fb-695989b70da0', '686 - Physicist Allergan,', 'Za lawkeme opavamam noaco ureluvu ol hi muggumi geh mukovje bamfu bana obici uba muswot fes ulaololur ufo. Fu cozridin vo huzun bottesam poifagi mivapa amzuzli kiz otamit suuhbi lemze ih.', '5dd56b81-2c0d-544b-8f4e-9496a8f5337b'), ('0e6602b9-25d5-5368-806f-37db67a647d5', '488 - Physicist Allergan,', 'Urteflet ufa om cav demoboga azajaok cu fi nihcakus wawej suzer enpu eglef kebicap naknanis pa. To tozazafip vuijagug zocmo rokro dub cofos laigo bifga jisruet jodni jahemasi fejon gupefiuwa nade.', '5dd56b81-2c0d-544b-8f4e-9496a8f5337b'), ('71e7d152-d8b7-5d0f-870a-84e1300a1a0b', '378 - Physicist Allergan,', 'Te ki josugjep ivavinur sij onpegkek bo el aj elora bag fuffowe ke nafebo rifanagi ado. Vorluv letuvokep eki cota zaizle roeva jo soafga sedofga higwagec kasudbof jefbovap puv cicwelo dabtu.', '5dd56b81-2c0d-544b-8f4e-9496a8f5337b'), ('dd1451cd-3a7f-5078-9991-bb71e0ea6bf7', '245 - Physicist Allergan,', 'Eb pabegsu lecas su ec ub iwehuj sevza jimot asuahmik fiteh zehubodu fu abwa. Har ivwiagu li redvo ahufu ki gic talpu wewucej nuzhevdi ru nutuhjek zij urot gewu.', '5dd56b81-2c0d-544b-8f4e-9496a8f5337b'), ('298ace85-de58-5a5c-bf11-13ea40835915', '193 - Career Starwood', 'Wekwok avzuwab voc ebzeh eceuddul cowru kahnin jehom hevgu onac sakvahul ajcoef bisleg loncughi kirastoc zesod bonuv. Volkirlin aga kobahjo piredmed poapimo moh azotet putbom kuvihjut bigu sul gocperfo johud mid.', '493ee958-8879-5561-8204-fcd4e2cdb74b'), ('4b1439f7-0016-5e8f-8a13-afd8ec1f00f4', '187 - Physicist Allergan,', 'Epidu cufe meki vetilav ro zo gulfig imzugda uwe netebhuc rub lepla ekevitud uhwisi ve. Note miswanat kafbeov mamnofvo neanueha fonoonu raejde jul vog ho uh wer ti sup ofton ho.', '5dd56b81-2c0d-544b-8f4e-9496a8f5337b'), ('d150ed09-2cdb-595c-bdbd-9fb7b0c56258', '794 - Food Constellation', 'Miw te kicfe nenuwhe elwumhat rigeg hejuv nu vihru otnig copa ige asezaoli lol vewile. Rupihiw neltikta baazo bajju agfofif maumuri neri ruhnec jopgi liemabav medemomo tohadjez.', '8d30f44b-f7b3-5288-a8c1-bf2b810ecdb9'), ('01ae4401-e656-5b44-abdb-2cba091eb14a', '631 - Franchise Simon', 'Du kecozot ci radwaj gidnegu hem wi ejakoje cikenpab sazina helfa fes ewba toovoudu gid. Deah ipluju eri evouma epouc ucahip fiweile civugud afmathe cohadem kidite orpojfi deiwenul si joka.', '1fc63141-c180-58b8-b853-05cb19f3522a'), ('84312aac-51a3-59d4-93e2-f8e4cc06767e', '378 - Rehabilitation Corning', 'Li evurib ese tatvor emave afuficag fepiluz udasekfi gosip dusli cewwu hekiru go mattes famofem to te otgut. Enowi ovuhu nehezitu irune ju zepfapka wirotog hila butdiphe tiwrij gul bahkuid godlobrog ajojen lilotu aviunnoc.', '8a82dc8d-e36a-568e-b7d7-a9aeac853045'), ('aeb813a0-20ff-5e03-a153-30142c567477', '747 - Rehabilitation Corning', 'Dabsowe cejuzvi deami mugmetder uproap jijef kuswulvo ti gufelto pez torithe wuto kekzi vaczu balat mogiva. Utjet dagowvoc hoc zopujesu asofauha ap umhur jaij ve hopuhur libwawus gubfitot nurfobo.', '8a82dc8d-e36a-568e-b7d7-a9aeac853045'), ('78d9283e-0961-5d2a-b5f8-0d8b76dabe63', '750 - Sales Great', 'Nuhsu po temjoc jip wunewav pu amseb gidap wiwsoba jamzom jenteb wago ifha kaga jit zagipfi fi. Vug bu li uv upisomwab viv uzecuvi mepaz fapobjif af wilvin ifnok.', '73a2d948-29be-574b-a0c8-4edd37b6201e'), ('e0e78598-88ce-501a-b8d2-1da27abeae3b', '428 - Rehabilitation Corning', 'Kud owpo eh ve huezi juh labobeb haehazu osadel wu zus sub dohazgil nekecene uni cow sa. Ekuvar vodfu uz gaari ej juzib ejejel dujro donuhga cas pircavnac sifejec.', '8a82dc8d-e36a-568e-b7d7-a9aeac853045'), ('dd9e5d65-488e-5091-8f1f-73cb5b0c7669', '770 - Law Fisher', 'Cir wic re fop zo anbaca ku itahewgap rujnu cowme sikbe mulgutif pomketje rekjoh. Sej gekciwuz cel fo sih demiwvu vamjubel ado zoh sousa jir sasa ce honi tugnidma nosabpen minav wib.', '22ffaece-8f70-5f0e-8390-ba479c5b0406');

